feature,importance
pm10,0.44051595403838745
temperature,0.15976495025038107
humidity,0.14817140937051737
wind_speed,0.10103199267619736
hour,0.06584317049704379
so2,0.0298948286785421
no2,0.029259428315081246
co,0.025518266173849766
day,0.0
month,0.0
year,0.0
season,0.0
